"id_regla_principal","n_alertas","prop"
"Monto_alto",58,0.517857142857143
"Salario",53,0.473214285714286
"Monto_PEP",1,0.00892857142857143
