"segmento","transacciones","alertas","tasa de alertas"
"Personal",14147,88,0.00622040008482364
"Corporativo",1850,10,0.00540540540540541
"PYME",4003,14,0.00349737696727454
"Total",20000,112,0.0056
