"segmento","n_trx","n_alertas","tasa_alerta"
"PYME",4080,1516,0.37156862745098
"Corporativo",1902,265,0.139327024185068
"Personal",14018,1021,0.0728349265230418
